id,create_time,update_time,name,description
1,4/23/2023,4/23/2023,Photography Equipment,This is Photography Equipment
2,4/2/2023,4/2/2023,Toy Boats,This is Toy Boats
3,7/2/2023,7/2/2023,Outdoor Gear,This is Outdoor Gear
4,12/20/2023,12/20/2023,Furniture,This is Furniture
5,11/21/2023,11/21/2023,Knitting Supplies,This is Knitting Supplies
6,2/19/2023,2/19/2023,Educational Toys,This is Educational Toys
7,11/1/2023,11/1/2023,Toy Electronics,This is Toy Electronics
8,7/11/2023,7/11/2023,Board Games,This is Board Games
9,9/21/2023,9/21/2023,Toy Sports Equipment,This is Toy Sports Equipment
10,8/23/2023,8/23/2023,Health Supplements,This is Health Supplements
11,2/2/2023,2/2/2023,Stuffed Animals,This is Stuffed Animals
12,4/7/2023,4/7/2023,Toy Trains,This is Toy Trains
13,11/14/2023,11/14/2023,Building Blocks,This is Building Blocks
14,3/28/2023,3/28/2023,Toy Trains,This is Toy Trains
15,3/19/2023,3/19/2023,Toy Cars,This is Toy Cars
16,6/23/2023,6/23/2023,Puzzle Games,This is Puzzle Games
17,1/20/2023,1/20/2023,Painting Supplies,This is Painting Supplies
18,1/31/2023,1/31/2023,Magic Tricks,This is Magic Tricks
19,5/5/2023,5/5/2023,Musical Instruments,This is Musical Instruments
20,5/4/2023,5/4/2023,Toy Helicopters,This is Toy Helicopters
21,12/7/2023,12/7/2023,Board Games,This is Board Games
22,7/12/2023,7/12/2023,Hair Accessories,This is Hair Accessories
23,1/14/2023,1/14/2023,Gardening Tools,This is Gardening Tools
24,2/26/2023,2/26/2023,Building Blocks,This is Building Blocks
25,5/13/2023,5/13/2023,Musical Instruments,This is Musical Instruments
26,8/27/2023,8/27/2023,Baking Supplies,This is Baking Supplies
27,5/14/2023,5/14/2023,Sewing Supplies,This is Sewing Supplies
28,8/18/2023,8/18/2023,Cosmetics,This is Cosmetics
29,12/23/2023,12/23/2023,Luggage,This is Luggage
30,4/20/2023,4/20/2023,Stuffed Animals,This is Stuffed Animals
31,10/30/2023,10/30/2023,Plants,This is Plants
32,5/13/2023,5/13/2023,Toy Sports Equipment,This is Toy Sports Equipment
33,7/6/2023,7/6/2023,Perfumes,This is Perfumes
34,6/12/2023,6/12/2023,Gardening Tools,This is Gardening Tools
35,2/3/2023,2/3/2023,Toy Helicopters,This is Toy Helicopters
36,9/2/2023,9/2/2023,Dolls,This is Dolls
37,11/8/2023,11/8/2023,Puzzle Games,This is Puzzle Games
38,11/11/2023,11/11/2023,Stuffed Animals,This is Stuffed Animals
39,9/19/2023,9/19/2023,Remote Control Toys,This is Remote Control Toys
40,11/13/2023,11/13/2023,Home Security,This is Home Security
41,6/23/2023,6/23/2023,DIY Tools,This is DIY Tools
42,8/27/2023,8/27/2023,Toy Robots,This is Toy Robots
43,3/4/2023,3/4/2023,Hair Accessories,This is Hair Accessories
44,7/18/2023,7/18/2023,Toy Tools,This is Toy Tools
45,5/16/2023,5/16/2023,Baby Products,This is Baby Products
46,5/19/2023,5/19/2023,Automotive Parts,This is Automotive Parts
47,7/13/2023,7/13/2023,Luggage,This is Luggage
48,6/8/2023,6/8/2023,Toy Electronics,This is Toy Electronics
49,12/9/2023,12/9/2023,Archery Supplies,This is Archery Supplies
50,4/26/2023,4/26/2023,Toy Weapons,This is Toy Weapons
51,4/27/2023,4/27/2023,Toy Helicopters,This is Toy Helicopters
52,7/10/2023,7/10/2023,Toy Animals,This is Toy Animals
53,2/8/2023,2/8/2023,Fishing Gear,This is Fishing Gear
54,12/17/2023,12/17/2023,Toy Animals,This is Toy Animals
55,5/14/2023,5/14/2023,Toy Vehicles,This is Toy Vehicles
56,6/25/2023,6/25/2023,Books,This is Books
57,1/28/2023,1/28/2023,Furniture,This is Furniture
58,8/20/2023,8/20/2023,Office Supplies,This is Office Supplies
59,5/23/2023,5/23/2023,Board Games,This is Board Games
60,12/12/2023,12/12/2023,Toy Trains,This is Toy Trains
61,6/3/2023,6/3/2023,Jewelry,This is Jewelry
62,12/9/2023,12/9/2023,Sewing Supplies,This is Sewing Supplies
63,2/4/2023,2/4/2023,Skiing Gear,This is Skiing Gear
64,11/16/2023,11/16/2023,Toys,This is Toys
65,7/28/2023,7/28/2023,Health Supplements,This is Health Supplements
66,1/24/2023,1/24/2023,Toy Trucks,This is Toy Trucks
67,1/30/2023,1/30/2023,Remote Control Toys,This is Remote Control Toys
68,9/18/2023,9/18/2023,Gardening Tools,This is Gardening Tools
69,11/30/2023,11/30/2023,Toy Rockets,This is Toy Rockets
70,7/21/2023,7/21/2023,Remote Control Toys,This is Remote Control Toys
71,11/29/2023,11/29/2023,Pet Supplies,This is Pet Supplies
72,4/15/2023,4/15/2023,Costumes,This is Costumes
73,8/17/2023,8/17/2023,Stationery,This is Stationery
74,2/27/2023,2/27/2023,DIY Tools,This is DIY Tools
75,10/15/2023,10/15/2023,Tech Gadgets,This is Tech Gadgets
76,3/28/2023,3/28/2023,Puzzles,This is Puzzles
77,5/9/2023,5/9/2023,Skateboarding Gear,This is Skateboarding Gear
78,12/20/2023,12/20/2023,Toy Helicopters,This is Toy Helicopters
79,3/12/2023,3/12/2023,Health Supplements,This is Health Supplements
80,4/21/2023,4/21/2023,Puzzle Games,This is Puzzle Games
81,7/14/2023,7/14/2023,Toy Animals,This is Toy Animals
82,12/30/2023,12/30/2023,Beauty Products,This is Beauty Products
83,1/30/2023,1/30/2023,Dolls,This is Dolls
84,6/19/2023,6/19/2023,Watches,This is Watches
85,7/2/2023,7/2/2023,Toy Boats,This is Toy Boats
86,3/11/2023,3/11/2023,Board Games,This is Board Games
87,12/14/2023,12/14/2023,Toy Spaceships,This is Toy Spaceships
88,5/9/2023,5/9/2023,Furniture,This is Furniture
89,11/23/2023,11/23/2023,Surfing Equipment,This is Surfing Equipment
90,12/19/2023,12/19/2023,Plants,This is Plants
91,2/17/2023,2/17/2023,Musical Instruments,This is Musical Instruments
92,10/13/2023,10/13/2023,Outdoor Gear,This is Outdoor Gear
93,9/13/2023,9/13/2023,Swimwear,This is Swimwear
94,6/9/2023,6/9/2023,Pet Supplies,This is Pet Supplies
95,6/11/2023,6/11/2023,Toy Cars,This is Toy Cars
96,11/15/2023,11/15/2023,Toy Helicopters,This is Toy Helicopters
97,8/8/2023,8/8/2023,Collectibles,This is Collectibles
98,5/18/2023,5/18/2023,Gardening Tools,This is Gardening Tools
99,4/3/2023,4/3/2023,Model Kits,This is Model Kits
100,7/20/2023,7/20/2023,Dolls,This is Dolls
101,1/23/2023,1/23/2023,Toy Spaceships,This is Toy Spaceships
102,6/23/2023,6/23/2023,Toy Robots,This is Toy Robots
103,10/25/2023,10/25/2023,Party Supplies,This is Party Supplies
104,9/20/2023,9/20/2023,Educational Toys,This is Educational Toys
105,4/30/2023,4/30/2023,Sewing Supplies,This is Sewing Supplies
106,3/15/2023,3/15/2023,Pet Supplies,This is Pet Supplies
107,8/16/2023,8/16/2023,Craft Supplies,This is Craft Supplies
108,12/23/2023,12/23/2023,Tech Gadgets,This is Tech Gadgets
109,5/12/2023,5/12/2023,Toy Tools,This is Toy Tools
110,3/18/2023,3/18/2023,Skateboarding Gear,This is Skateboarding Gear
111,9/21/2023,9/21/2023,Pet Supplies,This is Pet Supplies
112,11/6/2023,11/6/2023,Puzzle Games,This is Puzzle Games
113,5/7/2023,5/7/2023,Toy Animals,This is Toy Animals
114,6/20/2023,6/20/2023,Office Supplies,This is Office Supplies
115,5/25/2023,5/25/2023,Kitchen Appliances,This is Kitchen Appliances
116,3/9/2023,3/9/2023,Toy Animals,This is Toy Animals
117,3/1/2023,3/1/2023,Yoga Gear,This is Yoga Gear
118,6/10/2023,6/10/2023,Smart Home Devices,This is Smart Home Devices
119,1/3/2023,1/3/2023,Home Decor,This is Home Decor
120,10/11/2023,10/11/2023,Party Supplies,This is Party Supplies
121,1/14/2023,1/14/2023,Watches,This is Watches
122,6/5/2023,6/5/2023,Collectibles,This is Collectibles
123,6/20/2023,6/20/2023,Hiking Equipment,This is Hiking Equipment
124,4/5/2023,4/5/2023,Home Decor,This is Home Decor
125,7/11/2023,7/11/2023,Action Figures,This is Action Figures
126,2/15/2023,2/15/2023,Board Games,This is Board Games
127,2/9/2023,2/9/2023,Toy Sports Equipment,This is Toy Sports Equipment
128,5/25/2023,5/25/2023,Electronics,This is Electronics
129,2/19/2023,2/19/2023,Outdoor Gear,This is Outdoor Gear
130,2/28/2023,2/28/2023,Magic Tricks,This is Magic Tricks
131,2/27/2023,2/27/2023,Watches,This is Watches
132,4/20/2023,4/20/2023,Beauty Products,This is Beauty Products
133,9/28/2023,9/28/2023,Camping Gear,This is Camping Gear
134,7/16/2023,7/16/2023,Plants,This is Plants
135,2/22/2023,2/22/2023,Costumes,This is Costumes
136,3/8/2023,3/8/2023,Candles,This is Candles
137,1/25/2023,1/25/2023,Automotive Parts,This is Automotive Parts
138,6/9/2023,6/9/2023,Furniture,This is Furniture
139,8/1/2023,8/1/2023,Skateboarding Gear,This is Skateboarding Gear
140,12/6/2023,12/6/2023,Beauty Products,This is Beauty Products
141,5/20/2023,5/20/2023,Automotive Parts,This is Automotive Parts
142,10/27/2023,10/27/2023,DIY Tools,This is DIY Tools
143,9/22/2023,9/22/2023,Watches,This is Watches
144,10/7/2023,10/7/2023,Toy Tools,This is Toy Tools
145,10/15/2023,10/15/2023,Board Games,This is Board Games
146,6/26/2023,6/26/2023,Educational Toys,This is Educational Toys
147,2/25/2023,2/25/2023,Costumes,This is Costumes
148,11/10/2023,11/10/2023,Craft Supplies,This is Craft Supplies
149,6/2/2023,6/2/2023,Skiing Gear,This is Skiing Gear
150,4/24/2023,4/24/2023,Board Games,This is Board Games
151,6/22/2023,6/22/2023,Costumes,This is Costumes
152,10/15/2023,10/15/2023,Knitting Supplies,This is Knitting Supplies
153,5/22/2023,5/22/2023,Toy Trains,This is Toy Trains
154,9/16/2023,9/16/2023,Magic Tricks,This is Magic Tricks
155,10/28/2023,10/28/2023,Kitchen Appliances,This is Kitchen Appliances
156,7/20/2023,7/20/2023,Costumes,This is Costumes
157,8/6/2023,8/6/2023,Toy Rockets,This is Toy Rockets
158,4/15/2023,4/15/2023,Toy Boats,This is Toy Boats
159,12/21/2023,12/21/2023,Skateboarding Gear,This is Skateboarding Gear
160,5/8/2023,5/8/2023,Educational Toys,This is Educational Toys
161,10/5/2023,10/5/2023,Golf Equipment,This is Golf Equipment
162,5/21/2023,5/21/2023,Fishing Gear,This is Fishing Gear
163,11/20/2023,11/20/2023,Toy Robots,This is Toy Robots
164,9/25/2023,9/25/2023,Books,This is Books
165,9/15/2023,9/15/2023,Home Security,This is Home Security
166,3/5/2023,3/5/2023,Skateboarding Gear,This is Skateboarding Gear
167,7/17/2023,7/17/2023,Skiing Gear,This is Skiing Gear
168,9/12/2023,9/12/2023,Fitness Equipment,This is Fitness Equipment
169,7/14/2023,7/14/2023,Board Games,This is Board Games
170,8/12/2023,8/12/2023,Baking Supplies,This is Baking Supplies
171,11/1/2023,11/1/2023,Toy Animals,This is Toy Animals
172,9/7/2023,9/7/2023,Collectibles,This is Collectibles
173,8/22/2023,8/22/2023,Magic Tricks,This is Magic Tricks
174,1/29/2023,1/29/2023,Knitting Supplies,This is Knitting Supplies
175,9/22/2023,9/22/2023,Electronics,This is Electronics
176,11/22/2023,11/22/2023,Sewing Supplies,This is Sewing Supplies
177,11/24/2023,11/24/2023,Toy Furniture,This is Toy Furniture
178,8/14/2023,8/14/2023,Smart Home Devices,This is Smart Home Devices
179,5/12/2023,5/12/2023,Craft Supplies,This is Craft Supplies
180,6/15/2023,6/15/2023,Home Decor,This is Home Decor
181,10/8/2023,10/8/2023,Stuffed Animals,This is Stuffed Animals
182,2/19/2023,2/19/2023,Play Tents,This is Play Tents
183,9/13/2023,9/13/2023,DIY Tools,This is DIY Tools
184,4/2/2023,4/2/2023,Toy Cars,This is Toy Cars
185,6/2/2023,6/2/2023,Clothing,This is Clothing
186,2/5/2023,2/5/2023,Painting Supplies,This is Painting Supplies
187,12/16/2023,12/16/2023,Camping Gear,This is Camping Gear
188,11/25/2023,11/25/2023,Action Figures,This is Action Figures
189,12/9/2023,12/9/2023,Gardening Tools,This is Gardening Tools
190,12/9/2023,12/9/2023,Toy Vehicles,This is Toy Vehicles
191,5/14/2023,5/14/2023,Perfumes,This is Perfumes
192,4/8/2023,4/8/2023,Beauty Products,This is Beauty Products
193,12/8/2023,12/8/2023,Dolls,This is Dolls
194,2/15/2023,2/15/2023,Golf Equipment,This is Golf Equipment
195,11/5/2023,11/5/2023,Photography Equipment,This is Photography Equipment
196,8/20/2023,8/20/2023,Toy Trains,This is Toy Trains
197,3/26/2023,3/26/2023,Fishing Gear,This is Fishing Gear
198,5/18/2023,5/18/2023,Knitting Supplies,This is Knitting Supplies
199,8/4/2023,8/4/2023,Automotive Parts,This is Automotive Parts
200,11/6/2023,11/6/2023,Surfing Equipment,This is Surfing Equipment
201,6/22/2023,6/22/2023,Toy Tools,This is Toy Tools
202,12/2/2023,12/2/2023,Plants,This is Plants
203,9/11/2023,9/11/2023,Toy Tools,This is Toy Tools
204,11/15/2023,11/15/2023,Toy Vehicles,This is Toy Vehicles
205,11/3/2023,11/3/2023,Office Supplies,This is Office Supplies
206,11/2/2023,11/2/2023,Books,This is Books
207,5/3/2023,5/3/2023,Kitchen Appliances,This is Kitchen Appliances
208,12/17/2023,12/17/2023,Gardening Tools,This is Gardening Tools
209,6/13/2023,6/13/2023,Action Figures,This is Action Figures
210,4/22/2023,4/22/2023,Toy Animals,This is Toy Animals
211,12/23/2023,12/23/2023,Building Blocks,This is Building Blocks
212,5/1/2023,5/1/2023,Skiing Gear,This is Skiing Gear
213,11/6/2023,11/6/2023,Building Blocks,This is Building Blocks
214,1/16/2023,1/16/2023,Toy Spaceships,This is Toy Spaceships
215,11/1/2023,11/1/2023,Camping Gear,This is Camping Gear
216,12/22/2023,12/22/2023,Toy Animals,This is Toy Animals
217,3/14/2023,3/14/2023,Hiking Equipment,This is Hiking Equipment
218,6/30/2023,6/30/2023,Cosmetics,This is Cosmetics
219,3/2/2023,3/2/2023,Toy Furniture,This is Toy Furniture
220,9/19/2023,9/19/2023,Toy Furniture,This is Toy Furniture
221,5/13/2023,5/13/2023,Collectibles,This is Collectibles
222,10/21/2023,10/21/2023,Pet Supplies,This is Pet Supplies
223,12/2/2023,12/2/2023,Tech Gadgets,This is Tech Gadgets
224,1/28/2023,1/28/2023,Sculpting Tools,This is Sculpting Tools
225,9/25/2023,9/25/2023,Outdoor Gear,This is Outdoor Gear
226,6/18/2023,6/18/2023,Magic Tricks,This is Magic Tricks
227,7/23/2023,7/23/2023,Wigs,This is Wigs
228,3/5/2023,3/5/2023,DIY Tools,This is DIY Tools
229,1/31/2023,1/31/2023,Sports Equipment,This is Sports Equipment
230,8/6/2023,8/6/2023,Candles,This is Candles
231,5/26/2023,5/26/2023,Remote Control Toys,This is Remote Control Toys
232,7/3/2023,7/3/2023,Baby Products,This is Baby Products
233,2/8/2023,2/8/2023,Automotive Parts,This is Automotive Parts
234,2/12/2023,2/12/2023,Toy Boats,This is Toy Boats
235,3/22/2023,3/22/2023,Building Blocks,This is Building Blocks
236,3/4/2023,3/4/2023,Sewing Supplies,This is Sewing Supplies
237,3/24/2023,3/24/2023,Painting Supplies,This is Painting Supplies
238,2/16/2023,2/16/2023,Toy Sports Equipment,This is Toy Sports Equipment
239,5/30/2023,5/30/2023,Toy Rockets,This is Toy Rockets
240,1/5/2023,1/5/2023,Baby Products,This is Baby Products
241,10/13/2023,10/13/2023,Kitchen Appliances,This is Kitchen Appliances
242,12/3/2023,12/3/2023,Musical Instruments,This is Musical Instruments
243,8/22/2023,8/22/2023,Perfumes,This is Perfumes
244,7/22/2023,7/22/2023,Gardening Tools,This is Gardening Tools
245,7/3/2023,7/3/2023,Tech Gadgets,This is Tech Gadgets
246,3/16/2023,3/16/2023,Toys,This is Toys
247,1/18/2023,1/18/2023,Travel Accessories,This is Travel Accessories
248,11/28/2023,11/28/2023,Toy Planes,This is Toy Planes
249,11/30/2023,11/30/2023,Sports Equipment,This is Sports Equipment
250,9/21/2023,9/21/2023,Toy Food,This is Toy Food
251,8/1/2023,8/1/2023,Stationery,This is Stationery
252,1/29/2023,1/29/2023,Toy Helicopters,This is Toy Helicopters
253,9/16/2023,9/16/2023,Toy Boats,This is Toy Boats
254,6/27/2023,6/27/2023,Electronics,This is Electronics
255,3/23/2023,3/23/2023,Outdoor Gear,This is Outdoor Gear
256,12/12/2023,12/12/2023,Toy Food,This is Toy Food
257,9/23/2023,9/23/2023,Puzzle Games,This is Puzzle Games
258,12/30/2023,12/30/2023,Skiing Gear,This is Skiing Gear
259,2/22/2023,2/22/2023,Outdoor Gear,This is Outdoor Gear
260,12/23/2023,12/23/2023,Sewing Supplies,This is Sewing Supplies
261,7/21/2023,7/21/2023,Toy Furniture,This is Toy Furniture
262,10/9/2023,10/9/2023,Craft Supplies,This is Craft Supplies
263,4/28/2023,4/28/2023,Painting Supplies,This is Painting Supplies
264,6/16/2023,6/16/2023,Home Decor,This is Home Decor
265,10/3/2023,10/3/2023,Hair Accessories,This is Hair Accessories
266,11/15/2023,11/15/2023,Baby Products,This is Baby Products
267,9/1/2023,9/1/2023,Skateboarding Gear,This is Skateboarding Gear
268,4/1/2023,4/1/2023,Puzzle Games,This is Puzzle Games
269,2/26/2023,2/26/2023,Perfumes,This is Perfumes
270,9/11/2023,9/11/2023,Home Decor,This is Home Decor
271,11/20/2023,11/20/2023,Candles,This is Candles
272,10/11/2023,10/11/2023,Hiking Equipment,This is Hiking Equipment
273,5/31/2023,5/31/2023,Toy Tools,This is Toy Tools
274,4/1/2023,4/1/2023,Gardening Tools,This is Gardening Tools
275,5/17/2023,5/17/2023,Sculpting Tools,This is Sculpting Tools
276,12/20/2023,12/20/2023,Toy Electronics,This is Toy Electronics
277,3/1/2023,3/1/2023,Art Supplies,This is Art Supplies
278,11/28/2023,11/28/2023,Magic Tricks,This is Magic Tricks
279,11/8/2023,11/8/2023,Cosmetics,This is Cosmetics
280,3/21/2023,3/21/2023,Wigs,This is Wigs
281,12/29/2023,12/29/2023,DIY Tools,This is DIY Tools
282,5/21/2023,5/21/2023,Camping Gear,This is Camping Gear
283,11/21/2023,11/21/2023,Skateboarding Gear,This is Skateboarding Gear
284,6/19/2023,6/19/2023,Cycling Gear,This is Cycling Gear
285,11/19/2023,11/19/2023,Luggage,This is Luggage
286,2/27/2023,2/27/2023,Toy Submarines,This is Toy Submarines
287,7/17/2023,7/17/2023,Craft Supplies,This is Craft Supplies
288,1/21/2023,1/21/2023,Tech Gadgets,This is Tech Gadgets
289,6/12/2023,6/12/2023,Cosmetics,This is Cosmetics
290,9/11/2023,9/11/2023,Toy Rockets,This is Toy Rockets
291,11/23/2023,11/23/2023,Kitchen Appliances,This is Kitchen Appliances
292,10/10/2023,10/10/2023,Surfing Equipment,This is Surfing Equipment
293,1/19/2023,1/19/2023,Perfumes,This is Perfumes
294,2/27/2023,2/27/2023,Automotive Parts,This is Automotive Parts
295,3/3/2023,3/3/2023,Party Supplies,This is Party Supplies
296,1/25/2023,1/25/2023,Toy Spaceships,This is Toy Spaceships
297,8/4/2023,8/4/2023,Cookware,This is Cookware
298,4/25/2023,4/25/2023,Gardening Tools,This is Gardening Tools
299,10/20/2023,10/20/2023,Party Supplies,This is Party Supplies
300,10/29/2023,10/29/2023,Toy Submarines,This is Toy Submarines
301,5/18/2023,5/18/2023,Toy Helicopters,This is Toy Helicopters
302,9/23/2023,9/23/2023,DIY Tools,This is DIY Tools
303,3/18/2023,3/18/2023,Kitchen Appliances,This is Kitchen Appliances
304,3/5/2023,3/5/2023,Automotive Parts,This is Automotive Parts
305,6/6/2023,6/6/2023,Wigs,This is Wigs
306,1/16/2023,1/16/2023,Art Supplies,This is Art Supplies
307,1/8/2023,1/8/2023,Costumes,This is Costumes
308,12/22/2023,12/22/2023,Sunglasses,This is Sunglasses
309,5/12/2023,5/12/2023,DIY Tools,This is DIY Tools
310,11/24/2023,11/24/2023,Smart Home Devices,This is Smart Home Devices
311,2/3/2023,2/3/2023,Toy Weapons,This is Toy Weapons
312,12/21/2023,12/21/2023,Dolls,This is Dolls
313,5/8/2023,5/8/2023,Yoga Gear,This is Yoga Gear
314,10/3/2023,10/3/2023,Jewelry,This is Jewelry
315,7/18/2023,7/18/2023,Dollhouses,This is Dollhouses
316,1/29/2023,1/29/2023,Remote Control Toys,This is Remote Control Toys
317,7/20/2023,7/20/2023,Stationery,This is Stationery
318,9/15/2023,9/15/2023,Toy Sports Equipment,This is Toy Sports Equipment
319,1/21/2023,1/21/2023,Tech Gadgets,This is Tech Gadgets
320,5/24/2023,5/24/2023,Building Blocks,This is Building Blocks
321,3/2/2023,3/2/2023,Action Figures,This is Action Figures
322,7/20/2023,7/20/2023,Educational Toys,This is Educational Toys
323,9/19/2023,9/19/2023,Baking Supplies,This is Baking Supplies
324,4/25/2023,4/25/2023,Toy Robots,This is Toy Robots
325,10/9/2023,10/9/2023,Hair Accessories,This is Hair Accessories
326,2/1/2023,2/1/2023,Pet Supplies,This is Pet Supplies
327,9/18/2023,9/18/2023,Craft Supplies,This is Craft Supplies
328,4/9/2023,4/9/2023,Board Games,This is Board Games
329,6/13/2023,6/13/2023,Furniture,This is Furniture
330,12/9/2023,12/9/2023,Beauty Products,This is Beauty Products
331,3/18/2023,3/18/2023,Fishing Gear,This is Fishing Gear
332,6/15/2023,6/15/2023,Cookware,This is Cookware
333,5/17/2023,5/17/2023,Toy Sports Equipment,This is Toy Sports Equipment
334,10/11/2023,10/11/2023,Toy Planes,This is Toy Planes
335,1/18/2023,1/18/2023,Party Supplies,This is Party Supplies
336,6/28/2023,6/28/2023,Toy Helicopters,This is Toy Helicopters
337,12/16/2023,12/16/2023,Video Games,This is Video Games
338,7/7/2023,7/7/2023,Musical Instruments,This is Musical Instruments
339,1/20/2023,1/20/2023,Baking Supplies,This is Baking Supplies
340,8/30/2023,8/30/2023,Toy Musical Instruments,This is Toy Musical Instruments
341,4/17/2023,4/17/2023,Sewing Supplies,This is Sewing Supplies
342,10/31/2023,10/31/2023,Plants,This is Plants
343,4/19/2023,4/19/2023,Toy Rockets,This is Toy Rockets
344,5/29/2023,5/29/2023,Toy Musical Instruments,This is Toy Musical Instruments
345,8/3/2023,8/3/2023,Kitchen Appliances,This is Kitchen Appliances
346,4/21/2023,4/21/2023,Sunglasses,This is Sunglasses
347,5/24/2023,5/24/2023,Electronics,This is Electronics
348,5/30/2023,5/30/2023,Books,This is Books
349,5/28/2023,5/28/2023,Toy Vehicles,This is Toy Vehicles
350,8/7/2023,8/7/2023,Toy Trains,This is Toy Trains
351,12/14/2023,12/14/2023,Hiking Equipment,This is Hiking Equipment
352,11/4/2023,11/4/2023,Remote Control Toys,This is Remote Control Toys
353,11/10/2023,11/10/2023,Jewelry,This is Jewelry
354,10/31/2023,10/31/2023,Beauty Products,This is Beauty Products
355,1/24/2023,1/24/2023,Baking Supplies,This is Baking Supplies
356,10/10/2023,10/10/2023,Baking Supplies,This is Baking Supplies
357,6/27/2023,6/27/2023,Hiking Equipment,This is Hiking Equipment
358,8/2/2023,8/2/2023,Toy Sports Equipment,This is Toy Sports Equipment
359,4/4/2023,4/4/2023,Dolls,This is Dolls
360,8/26/2023,8/26/2023,Toy Helicopters,This is Toy Helicopters
361,6/2/2023,6/2/2023,Toy Electronics,This is Toy Electronics
362,3/14/2023,3/14/2023,Skiing Gear,This is Skiing Gear
363,3/14/2023,3/14/2023,Surfing Equipment,This is Surfing Equipment
364,9/12/2023,9/12/2023,Kitchen Appliances,This is Kitchen Appliances
365,1/13/2023,1/13/2023,Electronics,This is Electronics
366,2/16/2023,2/16/2023,Toy Food,This is Toy Food
367,10/6/2023,10/6/2023,Tech Gadgets,This is Tech Gadgets
368,8/28/2023,8/28/2023,Toy Trains,This is Toy Trains
369,10/25/2023,10/25/2023,Kitchen Appliances,This is Kitchen Appliances
370,9/7/2023,9/7/2023,Toy Cars,This is Toy Cars
371,3/14/2023,3/14/2023,Party Supplies,This is Party Supplies
372,12/25/2023,12/25/2023,Toy Musical Instruments,This is Toy Musical Instruments
373,9/4/2023,9/4/2023,Golf Equipment,This is Golf Equipment
374,1/4/2023,1/4/2023,Perfumes,This is Perfumes
375,5/16/2023,5/16/2023,Baby Products,This is Baby Products
376,5/8/2023,5/8/2023,Dolls,This is Dolls
377,8/1/2023,8/1/2023,Board Games,This is Board Games
378,5/19/2023,5/19/2023,Action Figures,This is Action Figures
379,10/1/2023,10/1/2023,Toy Spaceships,This is Toy Spaceships
380,6/5/2023,6/5/2023,Toy Boats,This is Toy Boats
381,7/26/2023,7/26/2023,Toy Spaceships,This is Toy Spaceships
382,10/16/2023,10/16/2023,Video Games,This is Video Games
383,8/11/2023,8/11/2023,Tech Gadgets,This is Tech Gadgets
384,5/16/2023,5/16/2023,Toy Robots,This is Toy Robots
385,9/28/2023,9/28/2023,Toy Sports Equipment,This is Toy Sports Equipment
386,2/25/2023,2/25/2023,Toy Trains,This is Toy Trains
387,9/26/2023,9/26/2023,Musical Instruments,This is Musical Instruments
388,11/1/2023,11/1/2023,Cosmetics,This is Cosmetics
389,1/5/2023,1/5/2023,Sculpting Tools,This is Sculpting Tools
390,3/12/2023,3/12/2023,Surfing Equipment,This is Surfing Equipment
391,12/11/2023,12/11/2023,Video Games,This is Video Games
392,3/28/2023,3/28/2023,Photography Equipment,This is Photography Equipment
393,12/16/2023,12/16/2023,Action Figures,This is Action Figures
394,3/4/2023,3/4/2023,Home Security,This is Home Security
395,12/21/2023,12/21/2023,Knitting Supplies,This is Knitting Supplies
396,12/7/2023,12/7/2023,Tech Gadgets,This is Tech Gadgets
397,2/28/2023,2/28/2023,Educational Toys,This is Educational Toys
398,2/2/2023,2/2/2023,Dolls,This is Dolls
399,2/7/2023,2/7/2023,Board Games,This is Board Games
400,2/12/2023,2/12/2023,Skateboarding Gear,This is Skateboarding Gear
401,3/13/2023,3/13/2023,Sunglasses,This is Sunglasses
402,11/24/2023,11/24/2023,Toy Trains,This is Toy Trains
403,11/27/2023,11/27/2023,Remote Control Toys,This is Remote Control Toys
404,9/6/2023,9/6/2023,Toy Food,This is Toy Food
405,11/11/2023,11/11/2023,Puzzles,This is Puzzles
406,12/29/2023,12/29/2023,Camping Gear,This is Camping Gear
407,1/11/2023,1/11/2023,Surfing Equipment,This is Surfing Equipment
408,7/7/2023,7/7/2023,Archery Supplies,This is Archery Supplies
409,4/13/2023,4/13/2023,Board Games,This is Board Games
410,6/23/2023,6/23/2023,Electronics,This is Electronics
411,11/22/2023,11/22/2023,Skiing Gear,This is Skiing Gear
412,3/16/2023,3/16/2023,Board Games,This is Board Games
413,3/4/2023,3/4/2023,Yoga Gear,This is Yoga Gear
414,12/12/2023,12/12/2023,Toy Tools,This is Toy Tools
415,11/11/2023,11/11/2023,Plants,This is Plants
416,11/13/2023,11/13/2023,Toys,This is Toys
417,3/1/2023,3/1/2023,Baking Supplies,This is Baking Supplies
418,3/14/2023,3/14/2023,Clothing,This is Clothing
419,3/16/2023,3/16/2023,Toy Spaceships,This is Toy Spaceships
420,5/2/2023,5/2/2023,Party Supplies,This is Party Supplies
421,12/11/2023,12/11/2023,Knitting Supplies,This is Knitting Supplies
422,2/28/2023,2/28/2023,Model Kits,This is Model Kits
423,2/6/2023,2/6/2023,Health Supplements,This is Health Supplements
424,10/14/2023,10/14/2023,Candles,This is Candles
425,9/24/2023,9/24/2023,Hiking Equipment,This is Hiking Equipment
426,1/23/2023,1/23/2023,Toy Rockets,This is Toy Rockets
427,6/10/2023,6/10/2023,Action Figures,This is Action Figures
428,2/12/2023,2/12/2023,Fitness Equipment,This is Fitness Equipment
429,4/7/2023,4/7/2023,Toy Planes,This is Toy Planes
430,3/15/2023,3/15/2023,Toy Tools,This is Toy Tools
431,10/5/2023,10/5/2023,Sewing Supplies,This is Sewing Supplies
432,6/19/2023,6/19/2023,Toy Boats,This is Toy Boats
433,7/14/2023,7/14/2023,Toy Food,This is Toy Food
434,4/9/2023,4/9/2023,Toy Spaceships,This is Toy Spaceships
435,3/11/2023,3/11/2023,Painting Supplies,This is Painting Supplies
436,7/21/2023,7/21/2023,Toy Tools,This is Toy Tools
437,1/1/2023,1/1/2023,DIY Tools,This is DIY Tools
438,1/6/2023,1/6/2023,Health Supplements,This is Health Supplements
439,9/16/2023,9/16/2023,Books,This is Books
440,11/29/2023,11/29/2023,Building Blocks,This is Building Blocks
441,1/4/2023,1/4/2023,Sewing Supplies,This is Sewing Supplies
442,7/18/2023,7/18/2023,Action Figures,This is Action Figures
443,5/6/2023,5/6/2023,Building Blocks,This is Building Blocks
444,5/13/2023,5/13/2023,Cookware,This is Cookware
445,9/1/2023,9/1/2023,Craft Supplies,This is Craft Supplies
446,12/22/2023,12/22/2023,Wigs,This is Wigs
447,4/19/2023,4/19/2023,Sports Equipment,This is Sports Equipment
448,11/17/2023,11/17/2023,Perfumes,This is Perfumes
449,9/27/2023,9/27/2023,Hair Accessories,This is Hair Accessories
450,8/4/2023,8/4/2023,Toys,This is Toys
451,2/19/2023,2/19/2023,Pet Supplies,This is Pet Supplies
452,1/2/2023,1/2/2023,Sports Equipment,This is Sports Equipment
453,3/2/2023,3/2/2023,Video Games,This is Video Games
454,10/11/2023,10/11/2023,DIY Tools,This is DIY Tools
455,4/14/2023,4/14/2023,Skateboarding Gear,This is Skateboarding Gear
456,9/14/2023,9/14/2023,Tech Gadgets,This is Tech Gadgets
457,2/24/2023,2/24/2023,Books,This is Books
458,6/21/2023,6/21/2023,Educational Toys,This is Educational Toys
459,7/25/2023,7/25/2023,Collectibles,This is Collectibles
460,8/4/2023,8/4/2023,Plants,This is Plants
461,10/11/2023,10/11/2023,Toy Animals,This is Toy Animals
462,11/5/2023,11/5/2023,Craft Supplies,This is Craft Supplies
463,9/6/2023,9/6/2023,Gardening Tools,This is Gardening Tools
464,4/1/2023,4/1/2023,Toy Animals,This is Toy Animals
465,5/9/2023,5/9/2023,Candles,This is Candles
466,7/14/2023,7/14/2023,Toy Furniture,This is Toy Furniture
467,8/26/2023,8/26/2023,Office Supplies,This is Office Supplies
468,1/15/2023,1/15/2023,Toy Food,This is Toy Food
469,7/12/2023,7/12/2023,Home Security,This is Home Security
470,11/18/2023,11/18/2023,Toy Helicopters,This is Toy Helicopters
471,5/27/2023,5/27/2023,Electronics,This is Electronics
472,8/4/2023,8/4/2023,Perfumes,This is Perfumes
473,8/5/2023,8/5/2023,Costumes,This is Costumes
474,1/24/2023,1/24/2023,Educational Toys,This is Educational Toys
475,7/3/2023,7/3/2023,Kitchen Appliances,This is Kitchen Appliances
476,7/10/2023,7/10/2023,Golf Equipment,This is Golf Equipment
477,3/10/2023,3/10/2023,Baby Products,This is Baby Products
478,8/11/2023,8/11/2023,Baking Supplies,This is Baking Supplies
479,8/2/2023,8/2/2023,Cosmetics,This is Cosmetics
480,2/14/2023,2/14/2023,Fitness Equipment,This is Fitness Equipment
481,2/15/2023,2/15/2023,Board Games,This is Board Games
482,12/6/2023,12/6/2023,Office Supplies,This is Office Supplies
483,3/27/2023,3/27/2023,Sports Equipment,This is Sports Equipment
484,5/27/2023,5/27/2023,Toy Furniture,This is Toy Furniture
485,8/17/2023,8/17/2023,Sunglasses,This is Sunglasses
486,5/30/2023,5/30/2023,Stationery,This is Stationery
487,4/11/2023,4/11/2023,Wigs,This is Wigs
488,10/27/2023,10/27/2023,Model Kits,This is Model Kits
489,11/4/2023,11/4/2023,Toy Vehicles,This is Toy Vehicles
490,1/29/2023,1/29/2023,Fitness Equipment,This is Fitness Equipment
491,6/27/2023,6/27/2023,Toy Food,This is Toy Food
492,8/16/2023,8/16/2023,Swimwear,This is Swimwear
493,10/16/2023,10/16/2023,Toy Helicopters,This is Toy Helicopters
494,1/21/2023,1/21/2023,Toy Trains,This is Toy Trains
495,8/12/2023,8/12/2023,Action Figures,This is Action Figures
496,3/27/2023,3/27/2023,Sewing Supplies,This is Sewing Supplies
497,2/7/2023,2/7/2023,Toy Sports Equipment,This is Toy Sports Equipment
498,5/10/2023,5/10/2023,Smart Home Devices,This is Smart Home Devices
499,1/24/2023,1/24/2023,Toy Electronics,This is Toy Electronics
500,7/3/2023,7/3/2023,Beauty Products,This is Beauty Products
501,3/21/2023,3/21/2023,Board Games,This is Board Games
502,11/19/2023,11/19/2023,Model Kits,This is Model Kits
503,5/4/2023,5/4/2023,Toy Sports Equipment,This is Toy Sports Equipment
504,3/18/2023,3/18/2023,Photography Equipment,This is Photography Equipment
505,6/22/2023,6/22/2023,Board Games,This is Board Games
506,1/27/2023,1/27/2023,Fitness Equipment,This is Fitness Equipment
507,10/30/2023,10/30/2023,Sports Equipment,This is Sports Equipment
508,8/19/2023,8/19/2023,Swimwear,This is Swimwear
509,6/15/2023,6/15/2023,Golf Equipment,This is Golf Equipment
510,9/15/2023,9/15/2023,Watches,This is Watches
511,10/9/2023,10/9/2023,Luggage,This is Luggage
512,1/25/2023,1/25/2023,Tech Gadgets,This is Tech Gadgets
513,12/16/2023,12/16/2023,Building Blocks,This is Building Blocks
514,7/6/2023,7/6/2023,Clothing,This is Clothing
515,4/26/2023,4/26/2023,Action Figures,This is Action Figures
516,5/14/2023,5/14/2023,Toy Tools,This is Toy Tools
517,12/28/2023,12/28/2023,Home Security,This is Home Security
518,10/27/2023,10/27/2023,Skateboarding Gear,This is Skateboarding Gear
519,7/8/2023,7/8/2023,Cookware,This is Cookware
520,9/27/2023,9/27/2023,Sculpting Tools,This is Sculpting Tools
521,8/16/2023,8/16/2023,Yoga Gear,This is Yoga Gear
522,9/30/2023,9/30/2023,DIY Tools,This is DIY Tools
523,9/27/2023,9/27/2023,Baby Products,This is Baby Products
524,7/26/2023,7/26/2023,Toy Electronics,This is Toy Electronics
525,4/3/2023,4/3/2023,Board Games,This is Board Games
526,12/3/2023,12/3/2023,Yoga Gear,This is Yoga Gear
527,12/13/2023,12/13/2023,Dollhouses,This is Dollhouses
528,8/8/2023,8/8/2023,Hair Accessories,This is Hair Accessories
529,9/12/2023,9/12/2023,Educational Toys,This is Educational Toys
530,12/9/2023,12/9/2023,Books,This is Books
531,11/22/2023,11/22/2023,Toy Helicopters,This is Toy Helicopters
532,3/23/2023,3/23/2023,Yoga Gear,This is Yoga Gear
533,2/12/2023,2/12/2023,Sunglasses,This is Sunglasses
534,1/24/2023,1/24/2023,Beauty Products,This is Beauty Products
535,11/26/2023,11/26/2023,Skateboarding Gear,This is Skateboarding Gear
536,9/16/2023,9/16/2023,Outdoor Gear,This is Outdoor Gear
537,5/6/2023,5/6/2023,Magic Tricks,This is Magic Tricks
538,9/1/2023,9/1/2023,Art Supplies,This is Art Supplies
539,1/15/2023,1/15/2023,Furniture,This is Furniture
540,5/26/2023,5/26/2023,Sports Equipment,This is Sports Equipment
541,12/23/2023,12/23/2023,Board Games,This is Board Games
542,7/13/2023,7/13/2023,Toy Tools,This is Toy Tools
543,4/12/2023,4/12/2023,Hiking Equipment,This is Hiking Equipment
544,11/6/2023,11/6/2023,Toy Food,This is Toy Food
545,4/18/2023,4/18/2023,Camping Gear,This is Camping Gear
546,6/12/2023,6/12/2023,Board Games,This is Board Games
547,2/21/2023,2/21/2023,Gardening Tools,This is Gardening Tools
548,4/26/2023,4/26/2023,Dollhouses,This is Dollhouses
549,5/3/2023,5/3/2023,Remote Control Toys,This is Remote Control Toys
550,7/14/2023,7/14/2023,Knitting Supplies,This is Knitting Supplies
551,5/29/2023,5/29/2023,Sports Equipment,This is Sports Equipment
552,3/16/2023,3/16/2023,Toy Spaceships,This is Toy Spaceships
553,2/17/2023,2/17/2023,Board Games,This is Board Games
554,4/6/2023,4/6/2023,Musical Instruments,This is Musical Instruments
555,8/17/2023,8/17/2023,Educational Toys,This is Educational Toys
556,10/10/2023,10/10/2023,Cycling Gear,This is Cycling Gear
557,11/19/2023,11/19/2023,Dollhouses,This is Dollhouses
558,2/9/2023,2/9/2023,Home Decor,This is Home Decor
559,6/3/2023,6/3/2023,Surfing Equipment,This is Surfing Equipment
560,10/12/2023,10/12/2023,Toys,This is Toys
561,3/24/2023,3/24/2023,Toy Spaceships,This is Toy Spaceships
562,7/13/2023,7/13/2023,Painting Supplies,This is Painting Supplies
563,3/5/2023,3/5/2023,Furniture,This is Furniture
564,12/20/2023,12/20/2023,Jewelry,This is Jewelry
565,12/25/2023,12/25/2023,Musical Instruments,This is Musical Instruments
566,8/11/2023,8/11/2023,Beauty Products,This is Beauty Products
567,5/26/2023,5/26/2023,Toy Weapons,This is Toy Weapons
568,11/16/2023,11/16/2023,Sewing Supplies,This is Sewing Supplies
569,3/25/2023,3/25/2023,Sewing Supplies,This is Sewing Supplies
570,1/27/2023,1/27/2023,Home Security,This is Home Security
571,8/17/2023,8/17/2023,Party Supplies,This is Party Supplies
572,9/3/2023,9/3/2023,Gardening Tools,This is Gardening Tools
573,11/22/2023,11/22/2023,Cookware,This is Cookware
574,9/17/2023,9/17/2023,Puzzle Games,This is Puzzle Games
575,9/21/2023,9/21/2023,Puzzles,This is Puzzles
576,3/29/2023,3/29/2023,Toys,This is Toys
577,1/3/2023,1/3/2023,Building Blocks,This is Building Blocks
578,5/14/2023,5/14/2023,Knitting Supplies,This is Knitting Supplies
579,12/13/2023,12/13/2023,Cycling Gear,This is Cycling Gear
580,9/14/2023,9/14/2023,Sunglasses,This is Sunglasses
581,8/11/2023,8/11/2023,Remote Control Toys,This is Remote Control Toys
582,1/11/2023,1/11/2023,Outdoor Gear,This is Outdoor Gear
583,5/20/2023,5/20/2023,Toy Weapons,This is Toy Weapons
584,1/29/2023,1/29/2023,Stuffed Animals,This is Stuffed Animals
585,11/24/2023,11/24/2023,Automotive Parts,This is Automotive Parts
586,3/25/2023,3/25/2023,Toy Cars,This is Toy Cars
587,5/17/2023,5/17/2023,Remote Control Toys,This is Remote Control Toys
588,7/30/2023,7/30/2023,Cookware,This is Cookware
589,1/11/2023,1/11/2023,Health Supplements,This is Health Supplements
590,7/16/2023,7/16/2023,Stationery,This is Stationery
591,3/19/2023,3/19/2023,Educational Toys,This is Educational Toys
592,2/24/2023,2/24/2023,Toy Cars,This is Toy Cars
593,5/25/2023,5/25/2023,DIY Tools,This is DIY Tools
594,10/23/2023,10/23/2023,Building Blocks,This is Building Blocks
595,8/9/2023,8/9/2023,Remote Control Toys,This is Remote Control Toys
596,5/15/2023,5/15/2023,Musical Instruments,This is Musical Instruments
597,5/2/2023,5/2/2023,Toy Weapons,This is Toy Weapons
598,5/1/2023,5/1/2023,Golf Equipment,This is Golf Equipment
599,9/23/2023,9/23/2023,Fishing Gear,This is Fishing Gear
600,1/26/2023,1/26/2023,Remote Control Toys,This is Remote Control Toys
601,11/1/2023,11/1/2023,Toy Weapons,This is Toy Weapons
602,2/8/2023,2/8/2023,Baby Products,This is Baby Products
603,11/2/2023,11/2/2023,Health Supplements,This is Health Supplements
604,2/7/2023,2/7/2023,Dollhouses,This is Dollhouses
605,10/18/2023,10/18/2023,Toy Rockets,This is Toy Rockets
606,1/3/2023,1/3/2023,Toys,This is Toys
607,10/28/2023,10/28/2023,Baby Products,This is Baby Products
608,7/12/2023,7/12/2023,Watches,This is Watches
609,1/1/2023,1/1/2023,Skateboarding Gear,This is Skateboarding Gear
610,2/27/2023,2/27/2023,Sunglasses,This is Sunglasses
611,5/8/2023,5/8/2023,Musical Instruments,This is Musical Instruments
612,4/23/2023,4/23/2023,Art Supplies,This is Art Supplies
613,5/8/2023,5/8/2023,Building Blocks,This is Building Blocks
614,10/22/2023,10/22/2023,Toy Animals,This is Toy Animals
615,12/11/2023,12/11/2023,Books,This is Books
616,1/8/2023,1/8/2023,Electronics,This is Electronics
617,4/3/2023,4/3/2023,Photography Equipment,This is Photography Equipment
618,4/23/2023,4/23/2023,Craft Supplies,This is Craft Supplies
619,3/2/2023,3/2/2023,Fishing Gear,This is Fishing Gear
620,2/11/2023,2/11/2023,Dress Up Clothes,This is Dress Up Clothes
621,1/7/2023,1/7/2023,Swimwear,This is Swimwear
622,9/23/2023,9/23/2023,Baby Products,This is Baby Products
623,9/26/2023,9/26/2023,Toy Spaceships,This is Toy Spaceships
624,10/22/2023,10/22/2023,Model Kits,This is Model Kits
625,9/1/2023,9/1/2023,Outdoor Gear,This is Outdoor Gear
626,9/22/2023,9/22/2023,Toys,This is Toys
627,11/18/2023,11/18/2023,Knitting Supplies,This is Knitting Supplies
628,7/28/2023,7/28/2023,Fitness Equipment,This is Fitness Equipment
629,1/22/2023,1/22/2023,Tech Gadgets,This is Tech Gadgets
630,3/24/2023,3/24/2023,Sports Equipment,This is Sports Equipment
631,3/1/2023,3/1/2023,Remote Control Toys,This is Remote Control Toys
632,8/1/2023,8/1/2023,Toy Robots,This is Toy Robots
633,8/19/2023,8/19/2023,Outdoor Gear,This is Outdoor Gear
634,12/21/2023,12/21/2023,Dolls,This is Dolls
635,6/15/2023,6/15/2023,Photography Equipment,This is Photography Equipment
636,4/17/2023,4/17/2023,Golf Equipment,This is Golf Equipment
637,11/24/2023,11/24/2023,Books,This is Books
638,7/31/2023,7/31/2023,Toy Sports Equipment,This is Toy Sports Equipment
639,1/15/2023,1/15/2023,Puzzle Games,This is Puzzle Games
640,1/13/2023,1/13/2023,Toy Sports Equipment,This is Toy Sports Equipment
641,2/1/2023,2/1/2023,Art Supplies,This is Art Supplies
642,8/25/2023,8/25/2023,Toy Rockets,This is Toy Rockets
643,2/8/2023,2/8/2023,Knitting Supplies,This is Knitting Supplies
644,5/20/2023,5/20/2023,Video Games,This is Video Games
645,9/4/2023,9/4/2023,Dress Up Clothes,This is Dress Up Clothes
646,11/24/2023,11/24/2023,Model Kits,This is Model Kits
647,3/31/2023,3/31/2023,Toy Spaceships,This is Toy Spaceships
648,2/25/2023,2/25/2023,Candles,This is Candles
649,8/8/2023,8/8/2023,Baking Supplies,This is Baking Supplies
650,8/11/2023,8/11/2023,Furniture,This is Furniture
651,9/11/2023,9/11/2023,Travel Accessories,This is Travel Accessories
652,4/20/2023,4/20/2023,Tech Gadgets,This is Tech Gadgets
653,8/27/2023,8/27/2023,Dollhouses,This is Dollhouses
654,10/4/2023,10/4/2023,Magic Tricks,This is Magic Tricks
655,3/2/2023,3/2/2023,Beauty Products,This is Beauty Products
656,7/25/2023,7/25/2023,Wigs,This is Wigs
657,12/21/2023,12/21/2023,Model Kits,This is Model Kits
658,7/8/2023,7/8/2023,Furniture,This is Furniture
659,11/5/2023,11/5/2023,Kitchen Appliances,This is Kitchen Appliances
660,10/21/2023,10/21/2023,Hair Accessories,This is Hair Accessories
661,10/26/2023,10/26/2023,Jewelry,This is Jewelry
662,5/23/2023,5/23/2023,Toy Robots,This is Toy Robots
663,12/19/2023,12/19/2023,Puzzles,This is Puzzles
664,11/13/2023,11/13/2023,Art Supplies,This is Art Supplies
665,7/27/2023,7/27/2023,Plants,This is Plants
666,11/6/2023,11/6/2023,Musical Instruments,This is Musical Instruments
667,4/25/2023,4/25/2023,Cycling Gear,This is Cycling Gear
668,3/29/2023,3/29/2023,Fitness Equipment,This is Fitness Equipment
669,9/11/2023,9/11/2023,Puzzle Games,This is Puzzle Games
670,8/12/2023,8/12/2023,Action Figures,This is Action Figures
671,9/3/2023,9/3/2023,Health Supplements,This is Health Supplements
672,3/10/2023,3/10/2023,Home Security,This is Home Security
673,12/5/2023,12/5/2023,Dress Up Clothes,This is Dress Up Clothes
674,9/28/2023,9/28/2023,Plants,This is Plants
675,6/21/2023,6/21/2023,Toy Trucks,This is Toy Trucks
676,6/3/2023,6/3/2023,Dolls,This is Dolls
677,3/23/2023,3/23/2023,Toy Spaceships,This is Toy Spaceships
678,2/16/2023,2/16/2023,Toy Sports Equipment,This is Toy Sports Equipment
679,4/7/2023,4/7/2023,Gardening Tools,This is Gardening Tools
680,12/17/2023,12/17/2023,Candles,This is Candles
681,8/13/2023,8/13/2023,Toy Robots,This is Toy Robots
682,5/31/2023,5/31/2023,Hair Accessories,This is Hair Accessories
683,2/25/2023,2/25/2023,Perfumes,This is Perfumes
684,10/5/2023,10/5/2023,Archery Supplies,This is Archery Supplies
685,4/20/2023,4/20/2023,Puzzle Games,This is Puzzle Games
686,10/19/2023,10/19/2023,Clothing,This is Clothing
687,12/30/2023,12/30/2023,Art Supplies,This is Art Supplies
688,7/14/2023,7/14/2023,Puzzle Games,This is Puzzle Games
689,2/5/2023,2/5/2023,Toy Tools,This is Toy Tools
690,5/4/2023,5/4/2023,Beauty Products,This is Beauty Products
691,4/22/2023,4/22/2023,Books,This is Books
692,4/13/2023,4/13/2023,DIY Tools,This is DIY Tools
693,4/5/2023,4/5/2023,Luggage,This is Luggage
694,12/4/2023,12/4/2023,Craft Supplies,This is Craft Supplies
695,2/19/2023,2/19/2023,Stationery,This is Stationery
696,3/21/2023,3/21/2023,Home Decor,This is Home Decor
697,2/27/2023,2/27/2023,Furniture,This is Furniture
698,1/16/2023,1/16/2023,Electronics,This is Electronics
699,11/11/2023,11/11/2023,Outdoor Gear,This is Outdoor Gear
700,10/6/2023,10/6/2023,Toy Planes,This is Toy Planes
701,4/9/2023,4/9/2023,Watches,This is Watches
702,4/22/2023,4/22/2023,Educational Toys,This is Educational Toys
703,6/23/2023,6/23/2023,Electronics,This is Electronics
704,6/27/2023,6/27/2023,Clothing,This is Clothing
705,3/31/2023,3/31/2023,Board Games,This is Board Games
706,4/3/2023,4/3/2023,Home Security,This is Home Security
707,9/23/2023,9/23/2023,Pet Supplies,This is Pet Supplies
708,8/8/2023,8/8/2023,Clothing,This is Clothing
709,6/5/2023,6/5/2023,Hair Accessories,This is Hair Accessories
710,3/9/2023,3/9/2023,Home Decor,This is Home Decor
711,4/16/2023,4/16/2023,Play Tents,This is Play Tents
712,10/4/2023,10/4/2023,Hiking Equipment,This is Hiking Equipment
713,11/30/2023,11/30/2023,Yoga Gear,This is Yoga Gear
714,3/10/2023,3/10/2023,Skateboarding Gear,This is Skateboarding Gear
715,9/29/2023,9/29/2023,Golf Equipment,This is Golf Equipment
716,6/19/2023,6/19/2023,Puzzles,This is Puzzles
717,12/14/2023,12/14/2023,Knitting Supplies,This is Knitting Supplies
718,4/19/2023,4/19/2023,Toy Cars,This is Toy Cars
719,1/2/2023,1/2/2023,Pet Supplies,This is Pet Supplies
720,7/12/2023,7/12/2023,Travel Accessories,This is Travel Accessories
721,8/9/2023,8/9/2023,DIY Tools,This is DIY Tools
722,9/17/2023,9/17/2023,Toy Cars,This is Toy Cars
723,10/7/2023,10/7/2023,Yoga Gear,This is Yoga Gear
724,9/28/2023,9/28/2023,Travel Accessories,This is Travel Accessories
725,6/20/2023,6/20/2023,Baby Products,This is Baby Products
726,10/18/2023,10/18/2023,Home Security,This is Home Security
727,1/17/2023,1/17/2023,Sunglasses,This is Sunglasses
728,7/22/2023,7/22/2023,Toy Weapons,This is Toy Weapons
729,2/9/2023,2/9/2023,Toy Rockets,This is Toy Rockets
730,2/20/2023,2/20/2023,Stationery,This is Stationery
731,5/3/2023,5/3/2023,Sports Equipment,This is Sports Equipment
732,5/13/2023,5/13/2023,Educational Toys,This is Educational Toys
733,5/26/2023,5/26/2023,Hair Accessories,This is Hair Accessories
734,11/22/2023,11/22/2023,Toy Boats,This is Toy Boats
735,1/12/2023,1/12/2023,Electronics,This is Electronics
736,1/7/2023,1/7/2023,Candles,This is Candles
737,2/9/2023,2/9/2023,Skiing Gear,This is Skiing Gear
738,12/28/2023,12/28/2023,Toy Furniture,This is Toy Furniture
739,7/10/2023,7/10/2023,Board Games,This is Board Games
740,2/26/2023,2/26/2023,Wigs,This is Wigs
741,8/3/2023,8/3/2023,Musical Instruments,This is Musical Instruments
742,9/27/2023,9/27/2023,Toy Cars,This is Toy Cars
743,11/21/2023,11/21/2023,Board Games,This is Board Games
744,4/22/2023,4/22/2023,Toy Furniture,This is Toy Furniture
745,9/12/2023,9/12/2023,Watches,This is Watches
746,6/22/2023,6/22/2023,Camping Gear,This is Camping Gear
747,8/2/2023,8/2/2023,Dolls,This is Dolls
748,10/29/2023,10/29/2023,Baking Supplies,This is Baking Supplies
749,2/15/2023,2/15/2023,Toy Spaceships,This is Toy Spaceships
750,8/5/2023,8/5/2023,Toy Tools,This is Toy Tools
751,10/28/2023,10/28/2023,Musical Instruments,This is Musical Instruments
752,9/21/2023,9/21/2023,Furniture,This is Furniture
753,5/7/2023,5/7/2023,Beauty Products,This is Beauty Products
754,9/16/2023,9/16/2023,Fitness Equipment,This is Fitness Equipment
755,11/29/2023,11/29/2023,Sculpting Tools,This is Sculpting Tools
756,10/29/2023,10/29/2023,Books,This is Books
757,7/4/2023,7/4/2023,Party Supplies,This is Party Supplies
758,10/16/2023,10/16/2023,Building Blocks,This is Building Blocks
759,4/7/2023,4/7/2023,Yoga Gear,This is Yoga Gear
760,9/29/2023,9/29/2023,Puzzles,This is Puzzles
761,12/12/2023,12/12/2023,Dress Up Clothes,This is Dress Up Clothes
762,3/10/2023,3/10/2023,Art Supplies,This is Art Supplies
763,12/17/2023,12/17/2023,Toy Planes,This is Toy Planes
764,9/30/2023,9/30/2023,Cycling Gear,This is Cycling Gear
765,11/9/2023,11/9/2023,Books,This is Books
766,7/30/2023,7/30/2023,Toy Boats,This is Toy Boats
767,7/4/2023,7/4/2023,Automotive Parts,This is Automotive Parts
768,11/17/2023,11/17/2023,Model Kits,This is Model Kits
769,11/27/2023,11/27/2023,Puzzles,This is Puzzles
770,3/16/2023,3/16/2023,Art Supplies,This is Art Supplies
771,4/22/2023,4/22/2023,Home Security,This is Home Security
772,9/4/2023,9/4/2023,Plants,This is Plants
773,10/26/2023,10/26/2023,Play Tents,This is Play Tents
774,8/3/2023,8/3/2023,Fitness Equipment,This is Fitness Equipment
775,3/18/2023,3/18/2023,Painting Supplies,This is Painting Supplies
776,10/8/2023,10/8/2023,Toy Musical Instruments,This is Toy Musical Instruments
777,5/25/2023,5/25/2023,Cookware,This is Cookware
778,5/11/2023,5/11/2023,Action Figures,This is Action Figures
779,9/4/2023,9/4/2023,Surfing Equipment,This is Surfing Equipment
780,11/19/2023,11/19/2023,Video Games,This is Video Games
781,6/18/2023,6/18/2023,Educational Toys,This is Educational Toys
782,5/13/2023,5/13/2023,Toy Helicopters,This is Toy Helicopters
783,8/29/2023,8/29/2023,Play Tents,This is Play Tents
784,6/20/2023,6/20/2023,Toy Rockets,This is Toy Rockets
785,2/7/2023,2/7/2023,Toy Furniture,This is Toy Furniture
786,12/19/2023,12/19/2023,Building Blocks,This is Building Blocks
787,1/2/2023,1/2/2023,Toy Furniture,This is Toy Furniture
788,7/20/2023,7/20/2023,Archery Supplies,This is Archery Supplies
789,6/24/2023,6/24/2023,Toy Helicopters,This is Toy Helicopters
790,12/27/2023,12/27/2023,Toy Trucks,This is Toy Trucks
791,10/31/2023,10/31/2023,Pet Supplies,This is Pet Supplies
792,2/28/2023,2/28/2023,Surfing Equipment,This is Surfing Equipment
793,12/17/2023,12/17/2023,Archery Supplies,This is Archery Supplies
794,6/15/2023,6/15/2023,Toy Musical Instruments,This is Toy Musical Instruments
795,1/2/2023,1/2/2023,Toy Trains,This is Toy Trains
796,3/3/2023,3/3/2023,Magic Tricks,This is Magic Tricks
797,12/1/2023,12/1/2023,Fishing Gear,This is Fishing Gear
798,11/17/2023,11/17/2023,Educational Toys,This is Educational Toys
799,2/11/2023,2/11/2023,Toy Planes,This is Toy Planes
800,7/5/2023,7/5/2023,Kitchen Appliances,This is Kitchen Appliances
801,4/17/2023,4/17/2023,Puzzle Games,This is Puzzle Games
802,11/24/2023,11/24/2023,Camping Gear,This is Camping Gear
803,6/30/2023,6/30/2023,Toy Vehicles,This is Toy Vehicles
804,7/22/2023,7/22/2023,Swimwear,This is Swimwear
805,3/14/2023,3/14/2023,Cosmetics,This is Cosmetics
806,5/10/2023,5/10/2023,Toy Musical Instruments,This is Toy Musical Instruments
807,10/25/2023,10/25/2023,Surfing Equipment,This is Surfing Equipment
808,8/1/2023,8/1/2023,Camping Gear,This is Camping Gear
809,9/10/2023,9/10/2023,Stuffed Animals,This is Stuffed Animals
810,9/17/2023,9/17/2023,Knitting Supplies,This is Knitting Supplies
811,12/21/2023,12/21/2023,Swimwear,This is Swimwear
812,2/5/2023,2/5/2023,Puzzle Games,This is Puzzle Games
813,5/21/2023,5/21/2023,Archery Supplies,This is Archery Supplies
814,1/6/2023,1/6/2023,Musical Instruments,This is Musical Instruments
815,9/26/2023,9/26/2023,Action Figures,This is Action Figures
816,7/17/2023,7/17/2023,Watches,This is Watches
817,4/30/2023,4/30/2023,Model Kits,This is Model Kits
818,5/8/2023,5/8/2023,Jewelry,This is Jewelry
819,2/5/2023,2/5/2023,Hiking Equipment,This is Hiking Equipment
820,10/17/2023,10/17/2023,Costumes,This is Costumes
821,6/8/2023,6/8/2023,Hair Accessories,This is Hair Accessories
822,7/11/2023,7/11/2023,Home Security,This is Home Security
823,11/22/2023,11/22/2023,Toy Rockets,This is Toy Rockets
824,5/22/2023,5/22/2023,Yoga Gear,This is Yoga Gear
825,11/26/2023,11/26/2023,Tech Gadgets,This is Tech Gadgets
826,12/3/2023,12/3/2023,Dress Up Clothes,This is Dress Up Clothes
827,4/15/2023,4/15/2023,Automotive Parts,This is Automotive Parts
828,7/12/2023,7/12/2023,Toy Electronics,This is Toy Electronics
829,5/27/2023,5/27/2023,Educational Toys,This is Educational Toys
830,5/1/2023,5/1/2023,Toy Tools,This is Toy Tools
831,11/8/2023,11/8/2023,Candles,This is Candles
832,12/28/2023,12/28/2023,Fishing Gear,This is Fishing Gear
833,1/31/2023,1/31/2023,Toy Electronics,This is Toy Electronics
834,8/25/2023,8/25/2023,Toy Furniture,This is Toy Furniture
835,11/3/2023,11/3/2023,Hair Accessories,This is Hair Accessories
836,4/12/2023,4/12/2023,Hiking Equipment,This is Hiking Equipment
837,9/7/2023,9/7/2023,Costumes,This is Costumes
838,7/3/2023,7/3/2023,Sculpting Tools,This is Sculpting Tools
839,11/11/2023,11/11/2023,Photography Equipment,This is Photography Equipment
840,9/18/2023,9/18/2023,Toy Boats,This is Toy Boats
841,9/26/2023,9/26/2023,Toy Helicopters,This is Toy Helicopters
842,9/15/2023,9/15/2023,Health Supplements,This is Health Supplements
843,10/31/2023,10/31/2023,Perfumes,This is Perfumes
844,1/4/2023,1/4/2023,Board Games,This is Board Games
845,4/7/2023,4/7/2023,Outdoor Gear,This is Outdoor Gear
846,6/6/2023,6/6/2023,Toy Musical Instruments,This is Toy Musical Instruments
847,9/2/2023,9/2/2023,Surfing Equipment,This is Surfing Equipment
848,5/23/2023,5/23/2023,Dress Up Clothes,This is Dress Up Clothes
849,6/3/2023,6/3/2023,Furniture,This is Furniture
850,7/2/2023,7/2/2023,Stationery,This is Stationery
851,4/25/2023,4/25/2023,Yoga Gear,This is Yoga Gear
852,3/8/2023,3/8/2023,Sports Equipment,This is Sports Equipment
853,4/16/2023,4/16/2023,Toy Rockets,This is Toy Rockets
854,2/18/2023,2/18/2023,Play Tents,This is Play Tents
855,5/29/2023,5/29/2023,Toy Sports Equipment,This is Toy Sports Equipment
856,2/17/2023,2/17/2023,Travel Accessories,This is Travel Accessories
857,1/17/2023,1/17/2023,Video Games,This is Video Games
858,5/9/2023,5/9/2023,Building Blocks,This is Building Blocks
859,2/5/2023,2/5/2023,Baking Supplies,This is Baking Supplies
860,3/7/2023,3/7/2023,Toy Animals,This is Toy Animals
861,5/1/2023,5/1/2023,Cookware,This is Cookware
862,3/25/2023,3/25/2023,Toys,This is Toys
863,2/2/2023,2/2/2023,Baking Supplies,This is Baking Supplies
864,11/9/2023,11/9/2023,Skiing Gear,This is Skiing Gear
865,11/24/2023,11/24/2023,Tech Gadgets,This is Tech Gadgets
866,12/16/2023,12/16/2023,Cookware,This is Cookware
867,10/22/2023,10/22/2023,Knitting Supplies,This is Knitting Supplies
868,3/20/2023,3/20/2023,Cookware,This is Cookware
869,2/14/2023,2/14/2023,Camping Gear,This is Camping Gear
870,10/22/2023,10/22/2023,Pet Supplies,This is Pet Supplies
871,4/27/2023,4/27/2023,Model Kits,This is Model Kits
872,10/3/2023,10/3/2023,Swimwear,This is Swimwear
873,7/25/2023,7/25/2023,Baking Supplies,This is Baking Supplies
874,6/27/2023,6/27/2023,DIY Tools,This is DIY Tools
875,10/20/2023,10/20/2023,Toy Electronics,This is Toy Electronics
876,7/5/2023,7/5/2023,Gardening Tools,This is Gardening Tools
877,10/29/2023,10/29/2023,Dress Up Clothes,This is Dress Up Clothes
878,4/11/2023,4/11/2023,Toy Trucks,This is Toy Trucks
879,6/18/2023,6/18/2023,Toy Musical Instruments,This is Toy Musical Instruments
880,4/17/2023,4/17/2023,Surfing Equipment,This is Surfing Equipment
881,2/8/2023,2/8/2023,Automotive Parts,This is Automotive Parts
882,1/8/2023,1/8/2023,Knitting Supplies,This is Knitting Supplies
883,11/16/2023,11/16/2023,Home Security,This is Home Security
884,10/6/2023,10/6/2023,Toy Electronics,This is Toy Electronics
885,2/25/2023,2/25/2023,Toy Submarines,This is Toy Submarines
886,8/11/2023,8/11/2023,Hiking Equipment,This is Hiking Equipment
887,10/9/2023,10/9/2023,Remote Control Toys,This is Remote Control Toys
888,9/30/2023,9/30/2023,Toy Furniture,This is Toy Furniture
889,11/20/2023,11/20/2023,Magic Tricks,This is Magic Tricks
890,2/26/2023,2/26/2023,Knitting Supplies,This is Knitting Supplies
891,9/16/2023,9/16/2023,Action Figures,This is Action Figures
892,10/7/2023,10/7/2023,Smart Home Devices,This is Smart Home Devices
893,3/6/2023,3/6/2023,Board Games,This is Board Games
894,3/24/2023,3/24/2023,Building Blocks,This is Building Blocks
895,8/30/2023,8/30/2023,Educational Toys,This is Educational Toys
896,10/11/2023,10/11/2023,Camping Gear,This is Camping Gear
897,2/18/2023,2/18/2023,Toy Furniture,This is Toy Furniture
898,11/21/2023,11/21/2023,Archery Supplies,This is Archery Supplies
899,6/27/2023,6/27/2023,Travel Accessories,This is Travel Accessories
900,3/22/2023,3/22/2023,Board Games,This is Board Games
901,10/20/2023,10/20/2023,Candles,This is Candles
902,7/31/2023,7/31/2023,Cookware,This is Cookware
903,7/13/2023,7/13/2023,Toy Trucks,This is Toy Trucks
904,1/20/2023,1/20/2023,Pet Supplies,This is Pet Supplies
905,6/7/2023,6/7/2023,Painting Supplies,This is Painting Supplies
906,10/17/2023,10/17/2023,Toy Cars,This is Toy Cars
907,12/5/2023,12/5/2023,Dress Up Clothes,This is Dress Up Clothes
908,1/24/2023,1/24/2023,Sculpting Tools,This is Sculpting Tools
909,3/13/2023,3/13/2023,Tech Gadgets,This is Tech Gadgets
910,1/2/2023,1/2/2023,Candles,This is Candles
911,6/29/2023,6/29/2023,Board Games,This is Board Games
912,4/1/2023,4/1/2023,Gardening Tools,This is Gardening Tools
913,6/5/2023,6/5/2023,Skiing Gear,This is Skiing Gear
914,6/16/2023,6/16/2023,Toy Boats,This is Toy Boats
915,11/11/2023,11/11/2023,Health Supplements,This is Health Supplements
916,4/27/2023,4/27/2023,Furniture,This is Furniture
917,3/7/2023,3/7/2023,Cosmetics,This is Cosmetics
918,5/21/2023,5/21/2023,Remote Control Toys,This is Remote Control Toys
919,2/13/2023,2/13/2023,Toys,This is Toys
920,7/4/2023,7/4/2023,Musical Instruments,This is Musical Instruments
921,5/24/2023,5/24/2023,Skiing Gear,This is Skiing Gear
922,7/10/2023,7/10/2023,Cookware,This is Cookware
923,3/27/2023,3/27/2023,Toys,This is Toys
924,12/13/2023,12/13/2023,Toy Rockets,This is Toy Rockets
925,5/6/2023,5/6/2023,Pet Supplies,This is Pet Supplies
926,5/2/2023,5/2/2023,Toy Trains,This is Toy Trains
927,3/31/2023,3/31/2023,Fitness Equipment,This is Fitness Equipment
928,2/7/2023,2/7/2023,Jewelry,This is Jewelry
929,3/1/2023,3/1/2023,Toy Furniture,This is Toy Furniture
930,8/8/2023,8/8/2023,Puzzles,This is Puzzles
931,11/15/2023,11/15/2023,Fishing Gear,This is Fishing Gear
932,2/5/2023,2/5/2023,Archery Supplies,This is Archery Supplies
933,12/28/2023,12/28/2023,Skiing Gear,This is Skiing Gear
934,12/14/2023,12/14/2023,Toy Musical Instruments,This is Toy Musical Instruments
935,12/30/2023,12/30/2023,Yoga Gear,This is Yoga Gear
936,9/26/2023,9/26/2023,Clothing,This is Clothing
937,2/28/2023,2/28/2023,Dollhouses,This is Dollhouses
938,11/4/2023,11/4/2023,Health Supplements,This is Health Supplements
939,4/27/2023,4/27/2023,Fishing Gear,This is Fishing Gear
940,11/22/2023,11/22/2023,Yoga Gear,This is Yoga Gear
941,1/10/2023,1/10/2023,Clothing,This is Clothing
942,12/30/2023,12/30/2023,Dolls,This is Dolls
943,2/26/2023,2/26/2023,Toy Weapons,This is Toy Weapons
944,4/4/2023,4/4/2023,Sculpting Tools,This is Sculpting Tools
945,8/15/2023,8/15/2023,Perfumes,This is Perfumes
946,7/22/2023,7/22/2023,Toy Electronics,This is Toy Electronics
947,1/7/2023,1/7/2023,Building Blocks,This is Building Blocks
948,7/2/2023,7/2/2023,Sewing Supplies,This is Sewing Supplies
949,7/26/2023,7/26/2023,Party Supplies,This is Party Supplies
950,11/18/2023,11/18/2023,Photography Equipment,This is Photography Equipment
951,8/18/2023,8/18/2023,Building Blocks,This is Building Blocks
952,5/7/2023,5/7/2023,Sports Equipment,This is Sports Equipment
953,7/22/2023,7/22/2023,Books,This is Books
954,8/24/2023,8/24/2023,Painting Supplies,This is Painting Supplies
955,1/18/2023,1/18/2023,Smart Home Devices,This is Smart Home Devices
956,3/19/2023,3/19/2023,Puzzle Games,This is Puzzle Games
957,3/12/2023,3/12/2023,Toy Submarines,This is Toy Submarines
958,2/2/2023,2/2/2023,Toy Furniture,This is Toy Furniture
959,4/7/2023,4/7/2023,Video Games,This is Video Games
960,8/11/2023,8/11/2023,Sewing Supplies,This is Sewing Supplies
961,2/11/2023,2/11/2023,Watches,This is Watches
962,5/15/2023,5/15/2023,Candles,This is Candles
963,1/25/2023,1/25/2023,Sports Equipment,This is Sports Equipment
964,11/11/2023,11/11/2023,Musical Instruments,This is Musical Instruments
965,10/1/2023,10/1/2023,Tech Gadgets,This is Tech Gadgets
966,7/8/2023,7/8/2023,Toy Sports Equipment,This is Toy Sports Equipment
967,2/17/2023,2/17/2023,Smart Home Devices,This is Smart Home Devices
968,3/30/2023,3/30/2023,Toy Planes,This is Toy Planes
969,6/29/2023,6/29/2023,Health Supplements,This is Health Supplements
970,3/7/2023,3/7/2023,Toy Trucks,This is Toy Trucks
971,8/20/2023,8/20/2023,Archery Supplies,This is Archery Supplies
972,12/20/2023,12/20/2023,Toy Animals,This is Toy Animals
973,8/11/2023,8/11/2023,Toy Animals,This is Toy Animals
974,4/30/2023,4/30/2023,Sunglasses,This is Sunglasses
975,9/9/2023,9/9/2023,Furniture,This is Furniture
976,9/2/2023,9/2/2023,Watches,This is Watches
977,9/5/2023,9/5/2023,Puzzle Games,This is Puzzle Games
978,6/2/2023,6/2/2023,Furniture,This is Furniture
979,11/25/2023,11/25/2023,Fishing Gear,This is Fishing Gear
980,5/22/2023,5/22/2023,Toy Musical Instruments,This is Toy Musical Instruments
981,5/31/2023,5/31/2023,Automotive Parts,This is Automotive Parts
982,12/29/2023,12/29/2023,Golf Equipment,This is Golf Equipment
983,6/2/2023,6/2/2023,Toy Musical Instruments,This is Toy Musical Instruments
984,7/10/2023,7/10/2023,Toys,This is Toys
985,2/16/2023,2/16/2023,Skateboarding Gear,This is Skateboarding Gear
986,9/23/2023,9/23/2023,Plants,This is Plants
987,4/26/2023,4/26/2023,Jewelry,This is Jewelry
988,5/4/2023,5/4/2023,Board Games,This is Board Games
989,3/14/2023,3/14/2023,Costumes,This is Costumes
990,7/5/2023,7/5/2023,Home Decor,This is Home Decor
991,10/9/2023,10/9/2023,Video Games,This is Video Games
992,12/21/2023,12/21/2023,Toy Planes,This is Toy Planes
993,11/2/2023,11/2/2023,Hair Accessories,This is Hair Accessories
994,1/4/2023,1/4/2023,Dress Up Clothes,This is Dress Up Clothes
995,11/7/2023,11/7/2023,Toy Submarines,This is Toy Submarines
996,11/21/2023,11/21/2023,Toy Electronics,This is Toy Electronics
997,11/18/2023,11/18/2023,Toy Musical Instruments,This is Toy Musical Instruments
998,2/23/2023,2/23/2023,Building Blocks,This is Building Blocks
999,7/11/2023,7/11/2023,Craft Supplies,This is Craft Supplies
1000,10/31/2023,10/31/2023,Kitchen Appliances,This is Kitchen Appliances
